-- ----------------------------
-- order_items
-- ----------------------------
INSERT INTO `order_items` VALUES ('190827F2R9C5HA3C', '190827F2R9A6ZT2W', 'bingan-1001', 'http://122.152.205.72:88/foodie/bingan-1001/img1.png', '【天天吃货】彩虹马卡龙 下午茶 美眉最爱', 'bingan-1001-spec-3', '芒果口味', 15000, 1);
INSERT INTO `order_items` VALUES ('190827F4AK1T68M8', '190827F4AK12R30H', 'bingan-1001', 'http://122.152.205.72:88/foodie/bingan-1001/img1.png', '【天天吃货】彩虹马卡龙 下午茶 美眉最爱', 'bingan-1001-spec-3', '芒果口味', 15000, 1);
INSERT INTO `order_items` VALUES ('190827F4AK2N3168', '190827F4AK12R30H', 'bingan-1003', 'http://122.152.205.72:88/foodie/bingan-1003/img1.png', '【天天吃货】可爱动物饼干 儿童早餐 孩子最爱', 'bingan-1003-spec-2', '草莓水果', 8000, 1);
INSERT INTO `order_items` VALUES ('190827H703NGAHSW', '190827H703M977C0', 'bingan-1001', 'http://122.152.205.72:88/foodie/bingan-1001/img1.png', '【天天吃货】彩虹马卡龙 下午茶 美眉最爱', 'bingan-1001-spec-3', '芒果口味', 15000, 1);
INSERT INTO `order_items` VALUES ('190827H703PM2B7C', '190827H703M977C0', 'bingan-1003', 'http://122.152.205.72:88/foodie/bingan-1003/img1.png', '【天天吃货】可爱动物饼干 儿童早餐 孩子最爱', 'bingan-1003-spec-2', '草莓水果', 8000, 1);
INSERT INTO `order_items` VALUES ('190827H7WD3SPZ2W', '190827H7WD2TCNHH', 'bingan-1001', 'http://122.152.205.72:88/foodie/bingan-1001/img1.png', '【天天吃货】彩虹马卡龙 下午茶 美眉最爱', 'bingan-1001-spec-3', '芒果口味', 15000, 1);
INSERT INTO `order_items` VALUES ('190827H87MGDSGTC', '190827H87MFB2RAW', 'bingan-1001', 'http://122.152.205.72:88/foodie/bingan-1001/img1.png', '【天天吃货】彩虹马卡龙 下午茶 美眉最爱', 'bingan-1001-spec-3', '芒果口味', 15000, 1);
INSERT INTO `order_items` VALUES ('190827H87MHNXX68', '190827H87MFB2RAW', 'bingan-1003', 'http://122.152.205.72:88/foodie/bingan-1003/img1.png', '【天天吃货】可爱动物饼干 儿童早餐 孩子最爱', 'bingan-1003-spec-2', '草莓水果', 8000, 1);
INSERT INTO `order_items` VALUES ('190828F6B6H4G72W', '190828F6B6FYBXP0', 'bingan-1001', 'http://122.152.205.72:88/foodie/bingan-1001/img1.png', '【天天吃货】彩虹马卡龙 下午茶 美眉最爱', 'bingan-1001-spec-3', '芒果口味', 15000, 1);
INSERT INTO `order_items` VALUES ('190828F6B6KAMHDP', '190828F6B6FYBXP0', 'bingan-1003', 'http://122.152.205.72:88/foodie/bingan-1003/img1.png', '【天天吃货】可爱动物饼干 儿童早餐 孩子最爱', 'bingan-1003-spec-2', '草莓水果', 8000, 1);
INSERT INTO `order_items` VALUES ('190828FFTCNXYP28', '190828FFTCMT6XKP', 'bingan-1001', 'http://122.152.205.72:88/foodie/bingan-1001/img1.png', '【天天吃货】彩虹马卡龙 下午茶 美眉最爱', 'bingan-1001-spec-3', '芒果口味', 15000, 1);
INSERT INTO `order_items` VALUES ('190828FFTCPRTCM8', '190828FFTCMT6XKP', 'bingan-1003', 'http://122.152.205.72:88/foodie/bingan-1003/img1.png', '【天天吃货】可爱动物饼干 儿童早餐 孩子最爱', 'bingan-1003-spec-2', '草莓水果', 8000, 1);
INSERT INTO `order_items` VALUES ('190828FG7ZA594ZC', '190828FG7Z8A44X4', 'bingan-1001', 'http://122.152.205.72:88/foodie/bingan-1001/img1.png', '【天天吃货】彩虹马卡龙 下午茶 美眉最爱', 'bingan-1001-spec-3', '芒果口味', 15000, 1);
INSERT INTO `order_items` VALUES ('190828FG7ZBRN354', '190828FG7Z8A44X4', 'bingan-1003', 'http://122.152.205.72:88/foodie/bingan-1003/img1.png', '【天天吃货】可爱动物饼干 儿童早餐 孩子最爱', 'bingan-1003-spec-2', '草莓水果', 8000, 1);
INSERT INTO `order_items` VALUES ('190828FKGK1T12A8', '190828FKGK0DF614', 'bingan-1001', 'http://122.152.205.72:88/foodie/bingan-1001/img1.png', '【天天吃货】彩虹马卡龙 下午茶 美眉最爱', 'bingan-1001-spec-3', '芒果口味', 15000, 1);
INSERT INTO `order_items` VALUES ('190828FKGK2XPWSW', '190828FKGK0DF614', 'bingan-1003', 'http://122.152.205.72:88/foodie/bingan-1003/img1.png', '【天天吃货】可爱动物饼干 儿童早餐 孩子最爱', 'bingan-1003-spec-2', '草莓水果', 8000, 1);
INSERT INTO `order_items` VALUES ('190828FSTH7965AW', '190828FSTH66FAY8', 'bingan-1001', 'http://122.152.205.72:88/foodie/bingan-1001/img1.png', '【天天吃货】彩虹马卡龙 下午茶 美眉最爱', 'bingan-1001-spec-3', '芒果口味', 15000, 1);
INSERT INTO `order_items` VALUES ('190828FSTH852XYW', '190828FSTH66FAY8', 'bingan-1003', 'http://122.152.205.72:88/foodie/bingan-1003/img1.png', '【天天吃货】可爱动物饼干 儿童早餐 孩子最爱', 'bingan-1003-spec-2', '草莓水果', 8000, 1);
INSERT INTO `order_items` VALUES ('190829022A57GCM8', '190829022A38YXKP', 'bingan-1001', 'http://122.152.205.72:88/foodie/bingan-1001/img1.png', '【天天吃货】彩虹马卡龙 下午茶 美眉最爱', 'bingan-1001-spec-3', '芒果口味', 15000, 1);
INSERT INTO `order_items` VALUES ('190829022A6PDTXP', '190829022A38YXKP', 'bingan-1003', 'http://122.152.205.72:88/foodie/bingan-1003/img1.png', '【天天吃货】可爱动物饼干 儿童早餐 孩子最爱', 'bingan-1003-spec-2', '草莓水果', 8000, 1);
INSERT INTO `order_items` VALUES ('19082903XD866T9P', '19082903XD76YGTC', 'bingan-1001', 'http://122.152.205.72:88/foodie/bingan-1001/img1.png', '【天天吃货】彩虹马卡龙 下午茶 美眉最爱', 'bingan-1001-spec-3', '芒果口味', 15000, 1);
INSERT INTO `order_items` VALUES ('19082903XD95G2W0', '19082903XD76YGTC', 'bingan-1003', 'http://122.152.205.72:88/foodie/bingan-1003/img1.png', '【天天吃货】可爱动物饼干 儿童早餐 孩子最爱', 'bingan-1003-spec-2', '草莓水果', 8000, 1);
INSERT INTO `order_items` VALUES ('19082906Z4S3FSA8', '19082906Z4PBR968', 'bingan-1001', 'http://122.152.205.72:88/foodie/bingan-1001/img1.png', '【天天吃货】彩虹马卡龙 下午茶 美眉最爱', 'bingan-1001-spec-3', '芒果口味', 15000, 1);
INSERT INTO `order_items` VALUES ('19082906Z4TD1MNC', '19082906Z4PBR968', 'bingan-1003', 'http://122.152.205.72:88/foodie/bingan-1003/img1.png', '【天天吃货】可爱动物饼干 儿童早餐 孩子最爱', 'bingan-1003-spec-2', '草莓水果', 8000, 1);
INSERT INTO `order_items` VALUES ('190829081HZ2C1KP', '190829081HY6G91P', 'bingan-1001', 'http://122.152.205.72:88/foodie/bingan-1001/img1.png', '【天天吃货】彩虹马卡龙 下午茶 美眉最爱', 'bingan-1001-spec-3', '芒果口味', 15000, 1);
INSERT INTO `order_items` VALUES ('190829081HZY8S5P', '190829081HY6G91P', 'bingan-1003', 'http://122.152.205.72:88/foodie/bingan-1003/img1.png', '【天天吃货】可爱动物饼干 儿童早餐 孩子最爱', 'bingan-1003-spec-2', '草莓水果', 8000, 1);
INSERT INTO `order_items` VALUES ('1908290848S44NXP', '1908290848R4WCBC', 'bingan-1001', 'http://122.152.205.72:88/foodie/bingan-1001/img1.png', '【天天吃货】彩虹马卡龙 下午茶 美眉最爱', 'bingan-1001-spec-3', '芒果口味', 15000, 1);
INSERT INTO `order_items` VALUES ('1908290848T01CDP', '1908290848R4WCBC', 'bingan-1003', 'http://122.152.205.72:88/foodie/bingan-1003/img1.png', '【天天吃货】可爱动物饼干 儿童早餐 孩子最爱', 'bingan-1003-spec-2', '草莓水果', 8000, 1);
INSERT INTO `order_items` VALUES ('19082908GR5FR494', '19082908GR4GCWSW', 'bingan-1001', 'http://122.152.205.72:88/foodie/bingan-1001/img1.png', '【天天吃货】彩虹马卡龙 下午茶 美眉最爱', 'bingan-1001-spec-3', '芒果口味', 15000, 1);
INSERT INTO `order_items` VALUES ('19082908GR6769YW', '19082908GR4GCWSW', 'bingan-1003', 'http://122.152.205.72:88/foodie/bingan-1003/img1.png', '【天天吃货】可爱动物饼干 儿童早餐 孩子最爱', 'bingan-1003-spec-2', '草莓水果', 8000, 1);
INSERT INTO `order_items` VALUES ('190829092XG40TF8', '190829092XFBGKWH', 'bingan-1001', 'http://122.152.205.72:88/foodie/bingan-1001/img1.png', '【天天吃货】彩虹马卡龙 下午茶 美眉最爱', 'bingan-1001-spec-3', '芒果口味', 15000, 1);
INSERT INTO `order_items` VALUES ('190829092XGR2F5P', '190829092XFBGKWH', 'bingan-1003', 'http://122.152.205.72:88/foodie/bingan-1003/img1.png', '【天天吃货】可爱动物饼干 儿童早餐 孩子最爱', 'bingan-1003-spec-2', '草莓水果', 8000, 1);
INSERT INTO `order_items` VALUES ('1908290HGHA37FK4', '1908290HGH9AS8ZC', 'bingan-1001', 'http://122.152.205.72:88/foodie/bingan-1001/img1.png', '【天天吃货】彩虹马卡龙 下午茶 美眉最爱', 'bingan-1001-spec-3', '芒果口味', 15000, 1);
INSERT INTO `order_items` VALUES ('1908290HGHATPP6W', '1908290HGH9AS8ZC', 'bingan-1003', 'http://122.152.205.72:88/foodie/bingan-1003/img1.png', '【天天吃货】可爱动物饼干 儿童早餐 孩子最爱', 'bingan-1003-spec-2', '草莓水果', 8000, 1);
INSERT INTO `order_items` VALUES ('190829F5Z10SWY3C', '190829F5Z0YKD968', 'bingan-1001', 'http://122.152.205.72:88/foodie/bingan-1001/img1.png', '【天天吃货】彩虹马卡龙 下午茶 美眉最爱', 'bingan-1001-spec-3', '芒果口味', 15000, 1);
INSERT INTO `order_items` VALUES ('190829F5Z1308G0H', '190829F5Z0YKD968', 'bingan-1003', 'http://122.152.205.72:88/foodie/bingan-1003/img1.png', '【天天吃货】可爱动物饼干 儿童早餐 孩子最爱', 'bingan-1003-spec-2', '草莓水果', 8000, 1);
INSERT INTO `order_items` VALUES ('190829F61X5ZA51P', '190829F61X4WMAK4', 'bingan-1001', 'http://122.152.205.72:88/foodie/bingan-1001/img1.png', '【天天吃货】彩虹马卡龙 下午茶 美眉最爱', 'bingan-1001-spec-3', '芒果口味', 15000, 1);
INSERT INTO `order_items` VALUES ('190829F61X6T6XKP', '190829F61X4WMAK4', 'bingan-1003', 'http://122.152.205.72:88/foodie/bingan-1003/img1.png', '【天天吃货】可爱动物饼干 儿童早餐 孩子最爱', 'bingan-1003-spec-2', '草莓水果', 8000, 1);
INSERT INTO `order_items` VALUES ('190829F6FTCK6WZC', '190829F6FTBRA4BC', 'bingan-1001', 'http://122.152.205.72:88/foodie/bingan-1001/img1.png', '【天天吃货】彩虹马卡龙 下午茶 美眉最爱', 'bingan-1001-spec-3', '芒果口味', 15000, 1);
INSERT INTO `order_items` VALUES ('190829F6FTDD3KGC', '190829F6FTBRA4BC', 'bingan-1003', 'http://122.152.205.72:88/foodie/bingan-1003/img1.png', '【天天吃货】可爱动物饼干 儿童早餐 孩子最爱', 'bingan-1003-spec-2', '草莓水果', 8000, 1);
INSERT INTO `order_items` VALUES ('190829F6NT93F04H', '190829F6NT8B0SFW', 'bingan-1001', 'http://122.152.205.72:88/foodie/bingan-1001/img1.png', '【天天吃货】彩虹马卡龙 下午茶 美眉最爱', 'bingan-1001-spec-3', '芒果口味', 15000, 1);
INSERT INTO `order_items` VALUES ('190829F6NT9TZ5S8', '190829F6NT8B0SFW', 'bingan-1003', 'http://122.152.205.72:88/foodie/bingan-1003/img1.png', '【天天吃货】可爱动物饼干 儿童早餐 孩子最爱', 'bingan-1003-spec-2', '草莓水果', 8000, 1);
INSERT INTO `order_items` VALUES ('190829F7DDHTPSW0', '190829F7DDGZW280', 'bingan-1001', 'http://122.152.205.72:88/foodie/bingan-1001/img1.png', '【天天吃货】彩虹马卡龙 下午茶 美眉最爱', 'bingan-1001-spec-3', '芒果口味', 15000, 1);
INSERT INTO `order_items` VALUES ('190829F7DDKH60DP', '190829F7DDGZW280', 'bingan-1003', 'http://122.152.205.72:88/foodie/bingan-1003/img1.png', '【天天吃货】可爱动物饼干 儿童早餐 孩子最爱', 'bingan-1003-spec-2', '草莓水果', 8000, 1);
INSERT INTO `order_items` VALUES ('190830BPTHMKCYRP', '190830BPTHGSZN54', 'bingan-1001', 'http://122.152.205.72:88/foodie/bingan-1001/img1.png', '【天天吃货】彩虹马卡龙 下午茶 美眉最爱', 'bingan-1001-spec-3', '芒果口味', 15000, 1);
INSERT INTO `order_items` VALUES ('190830BPTHR8FNC0', '190830BPTHGSZN54', 'bingan-1003', 'http://122.152.205.72:88/foodie/bingan-1003/img1.png', '【天天吃货】可爱动物饼干 儿童早餐 孩子最爱', 'bingan-1003-spec-2', '草莓水果', 8000, 1);
INSERT INTO `order_items` VALUES ('190830BW77X8C280', '190830BW77HM55KP', 'bingan-1001', 'http://122.152.205.72:88/foodie/bingan-1001/img1.png', '【天天吃货】彩虹马卡龙 下午茶 美眉最爱', 'bingan-1001-spec-3', '芒果口味', 15000, 1);
INSERT INTO `order_items` VALUES ('190830BW77YWS0DP', '190830BW77HM55KP', 'bingan-1003', 'http://122.152.205.72:88/foodie/bingan-1003/img1.png', '【天天吃货】可爱动物饼干 儿童早餐 孩子最爱', 'bingan-1003-spec-2', '草莓水果', 8000, 1);
INSERT INTO `order_items` VALUES ('190830BZ5B6TZC94', '190830BZ5B5R7KWH', 'bingan-1001', 'http://122.152.205.72:88/foodie/bingan-1001/img1.png', '【天天吃货】彩虹马卡龙 下午茶 美眉最爱', 'bingan-1001-spec-3', '芒果口味', 15000, 1);
INSERT INTO `order_items` VALUES ('190830BZ5B7NW4X4', '190830BZ5B5R7KWH', 'bingan-1003', 'http://122.152.205.72:88/foodie/bingan-1003/img1.png', '【天天吃货】可爱动物饼干 儿童早餐 孩子最爱', 'bingan-1003-spec-2', '草莓水果', 8000, 1);

-- ----------------------------
-- order_statuses
-- ----------------------------
INSERT INTO `order_statuses` VALUES ('190827F2R9A6ZT2W', 20, '2019-08-27 19:45:16', '2019-08-28 18:59:34', NULL, NULL, NULL, NULL);
INSERT INTO `order_statuses` VALUES ('190827F4AK12R30H', 20, '2019-08-27 19:50:07', '2019-08-28 21:47:17', NULL, NULL, NULL, NULL);
INSERT INTO `order_statuses` VALUES ('190827H703M977C0', 50, '2019-08-27 22:46:09', NULL, NULL, NULL, '2019-08-30 00:49:42', NULL);
INSERT INTO `order_statuses` VALUES ('190827H7WD2TCNHH', 50, '2019-08-27 22:48:45', NULL, NULL, NULL, '2019-08-30 00:49:42', NULL);
INSERT INTO `order_statuses` VALUES ('190827H87MFB2RAW', 50, '2019-08-27 22:49:57', NULL, NULL, NULL, '2019-08-30 00:49:42', NULL);
INSERT INTO `order_statuses` VALUES ('190828F6B6FYBXP0', 50, '2019-08-28 19:56:12', NULL, NULL, NULL, '2019-08-30 00:49:42', NULL);
INSERT INTO `order_statuses` VALUES ('190828FFTCMT6XKP', 50, '2019-08-28 20:21:31', NULL, NULL, NULL, '2019-08-30 00:49:42', NULL);
INSERT INTO `order_statuses` VALUES ('190828FG7Z8A44X4', 50, '2019-08-28 20:22:52', NULL, NULL, NULL, '2019-08-30 00:49:42', NULL);
INSERT INTO `order_statuses` VALUES ('190828FKGK0DF614', 50, '2019-08-28 20:29:41', NULL, NULL, NULL, '2019-08-30 00:49:42', NULL);
INSERT INTO `order_statuses` VALUES ('190828FSTH66FAY8', 50, '2019-08-28 20:45:33', NULL, NULL, NULL, '2019-08-30 00:49:42', NULL);
INSERT INTO `order_statuses` VALUES ('190829022A38YXKP', 50, '2019-08-29 00:06:15', '2019-08-29 00:06:27', NULL, NULL, '2019-08-30 00:49:42', NULL);
INSERT INTO `order_statuses` VALUES ('19082903XD76YGTC', 20, '2019-08-29 00:11:44', '2019-08-29 00:12:05', NULL, NULL, NULL, NULL);
INSERT INTO `order_statuses` VALUES ('19082906Z4PBR968', 20, '2019-08-29 00:20:55', '2019-08-29 00:21:45', NULL, NULL, NULL, NULL);
INSERT INTO `order_statuses` VALUES ('190829081HY6G91P', 50, '2019-08-29 00:24:11', NULL, NULL, NULL, '2019-08-30 00:49:42', NULL);
INSERT INTO `order_statuses` VALUES ('1908290848R4WCBC', 20, '2019-08-29 00:24:28', '2019-08-29 00:24:47', NULL, NULL, NULL, NULL);
INSERT INTO `order_statuses` VALUES ('19082908GR4GCWSW', 20, '2019-08-29 00:25:42', '2019-08-29 00:26:04', NULL, NULL, NULL, NULL);
INSERT INTO `order_statuses` VALUES ('190829092XFBGKWH', 20, '2019-08-29 00:27:20', '2019-08-29 00:27:29', NULL, NULL, NULL, NULL);
INSERT INTO `order_statuses` VALUES ('1908290HGH9AS8ZC', 20, '2019-08-29 00:49:42', '2019-08-29 00:50:00', NULL, NULL, NULL, NULL);
INSERT INTO `order_statuses` VALUES ('190829F5Z0YKD968', 50, '2019-08-29 19:54:53', NULL, NULL, NULL, '2019-08-30 00:49:42', NULL);
INSERT INTO `order_statuses` VALUES ('190829F61X4WMAK4', 50, '2019-08-29 19:55:11', NULL, NULL, NULL, '2019-08-30 00:49:42', NULL);
INSERT INTO `order_statuses` VALUES ('190829F6FTBRA4BC', 50, '2019-08-29 19:56:35', NULL, NULL, NULL, '2019-08-30 00:49:42', NULL);
INSERT INTO `order_statuses` VALUES ('190829F6NT8B0SFW', 50, '2019-08-29 19:57:07', NULL, NULL, NULL, '2019-08-30 00:49:42', NULL);
INSERT INTO `order_statuses` VALUES ('190829F7DDGZW280', 20, '2019-08-29 19:59:26', '2019-08-29 20:15:30', NULL, NULL, NULL, NULL);
INSERT INTO `order_statuses` VALUES ('190830BPTHGSZN54', 10, '2019-08-30 16:27:21', NULL, NULL, NULL, NULL, NULL);
INSERT INTO `order_statuses` VALUES ('190830BW77HM55KP', 20, '2019-08-30 16:37:36', '2019-08-30 16:39:30', NULL, NULL, NULL, NULL);
INSERT INTO `order_statuses` VALUES ('190830BZ5B5R7KWH', 20, '2019-08-30 16:46:25', '2019-08-30 16:48:36', NULL, NULL, NULL, NULL);

-- ----------------------------
-- orders
-- ----------------------------
INSERT INTO `orders` VALUES ('190827F2R9A6ZT2W', '1908189H7TNWDTXP', 'jack', '13333333333', '北京 北京 东城区 123', 15000, 15000, 0, 1, '', NULL, 0, 0, '2019-08-27 19:45:16', '2019-08-27 19:45:16');
INSERT INTO `orders` VALUES ('190827F4AK12R30H', '1908189H7TNWDTXP', 'jack', '13333333333', '北京 北京 东城区 123', 25000, 23000, 0, 2, 'abc你好', NULL, 0, 0, '2019-08-27 19:50:07', '2019-08-27 19:50:07');
INSERT INTO `orders` VALUES ('190827H703M977C0', '1908189H7TNWDTXP', 'jack', '13333333333', '北京 北京 东城区 123', 25000, 23000, 0, 1, '', NULL, 0, 0, '2019-08-27 22:46:09', '2019-08-27 22:46:09');
INSERT INTO `orders` VALUES ('190827H7WD2TCNHH', '1908189H7TNWDTXP', 'jack', '13333333333', '北京 北京 东城区 123', 15000, 15000, 0, 1, '', NULL, 0, 0, '2019-08-27 22:48:45', '2019-08-27 22:48:45');
INSERT INTO `orders` VALUES ('190827H87MFB2RAW', '1908189H7TNWDTXP', 'jack', '13333333333', '北京 北京 东城区 123', 25000, 23000, 0, 1, '', NULL, 0, 0, '2019-08-27 22:49:57', '2019-08-27 22:49:57');
INSERT INTO `orders` VALUES ('190828F6B6FYBXP0', '1908189H7TNWDTXP', 'jack', '13333333333', '北京 北京 东城区 123', 25000, 23000, 0, 1, '', NULL, 0, 0, '2019-08-28 19:56:11', '2019-08-28 19:56:11');
INSERT INTO `orders` VALUES ('190828FFTCMT6XKP', '1908189H7TNWDTXP', 'jack', '13333333333', '北京 北京 东城区 123', 25000, 23000, 0, 1, '', NULL, 0, 0, '2019-08-28 20:21:31', '2019-08-28 20:21:31');
INSERT INTO `orders` VALUES ('190828FG7Z8A44X4', '1908189H7TNWDTXP', 'jack', '13333333333', '北京 北京 东城区 123', 25000, 23000, 0, 1, '', NULL, 0, 0, '2019-08-28 20:22:52', '2019-08-28 20:22:52');
INSERT INTO `orders` VALUES ('190828FKGK0DF614', '1908189H7TNWDTXP', 'jack', '13333333333', '北京 北京 东城区 123', 25000, 23000, 0, 1, '', NULL, 0, 0, '2019-08-28 20:29:41', '2019-08-28 20:29:41');
INSERT INTO `orders` VALUES ('190828FSTH66FAY8', '1908189H7TNWDTXP', 'jack', '13333333333', '北京 北京 东城区 123', 25000, 23000, 0, 1, '', NULL, 0, 0, '2019-08-28 20:45:33', '2019-08-28 20:45:33');
INSERT INTO `orders` VALUES ('190829022A38YXKP', '1908189H7TNWDTXP', 'jack', '13333333333', '北京 北京 东城区 123', 25000, 23000, 0, 1, '', NULL, 0, 0, '2019-08-29 00:06:15', '2019-08-29 00:06:15');
INSERT INTO `orders` VALUES ('19082903XD76YGTC', '1908189H7TNWDTXP', 'jack', '13333333333', '北京 北京 东城区 123', 25000, 23000, 0, 1, '', NULL, 0, 0, '2019-08-29 00:11:44', '2019-08-29 00:11:44');
INSERT INTO `orders` VALUES ('19082906Z4PBR968', '1908189H7TNWDTXP', 'jack', '13333333333', '北京 北京 东城区 123', 25000, 23000, 0, 1, '', NULL, 0, 0, '2019-08-29 00:20:55', '2019-08-29 00:20:55');
INSERT INTO `orders` VALUES ('190829081HY6G91P', '1908189H7TNWDTXP', 'jack', '13333333333', '北京 北京 东城区 123', 25000, 23000, 0, 1, '', NULL, 0, 0, '2019-08-29 00:24:11', '2019-08-29 00:24:11');
INSERT INTO `orders` VALUES ('1908290848R4WCBC', '1908189H7TNWDTXP', 'jack', '13333333333', '北京 北京 东城区 123', 25000, 23000, 0, 1, '', NULL, 0, 0, '2019-08-29 00:24:28', '2019-08-29 00:24:28');
INSERT INTO `orders` VALUES ('19082908GR4GCWSW', '1908189H7TNWDTXP', 'jack', '13333333333', '北京 北京 东城区 123', 25000, 23000, 0, 1, '', NULL, 0, 0, '2019-08-29 00:25:42', '2019-08-29 00:25:42');
INSERT INTO `orders` VALUES ('190829092XFBGKWH', '1908189H7TNWDTXP', 'jack', '13333333333', '北京 北京 东城区 123', 25000, 23000, 0, 1, '', NULL, 0, 0, '2019-08-29 00:27:20', '2019-08-29 00:27:20');
INSERT INTO `orders` VALUES ('1908290HGH9AS8ZC', '1908189H7TNWDTXP', 'jack', '13333333333', '北京 北京 东城区 123', 25000, 23000, 0, 2, '', NULL, 0, 0, '2019-08-29 00:49:42', '2019-08-29 00:49:42');
INSERT INTO `orders` VALUES ('190829F5Z0YKD968', '1908189H7TNWDTXP', 'jack', '13333333333', '北京 北京 东城区 123', 25000, 23000, 0, 2, '', NULL, 0, 0, '2019-08-29 19:54:53', '2019-08-29 19:54:53');
INSERT INTO `orders` VALUES ('190829F61X4WMAK4', '1908189H7TNWDTXP', 'jack', '13333333333', '北京 北京 东城区 123', 25000, 23000, 0, 2, '', NULL, 0, 0, '2019-08-29 19:55:11', '2019-08-29 19:55:11');
INSERT INTO `orders` VALUES ('190829F6FTBRA4BC', '1908189H7TNWDTXP', 'jack', '13333333333', '北京 北京 东城区 123', 25000, 23000, 0, 2, '', NULL, 0, 0, '2019-08-29 19:56:35', '2019-08-29 19:56:35');
INSERT INTO `orders` VALUES ('190829F6NT8B0SFW', '1908189H7TNWDTXP', 'jack', '13333333333', '北京 北京 东城区 123', 25000, 23000, 0, 2, '', NULL, 0, 0, '2019-08-29 19:57:07', '2019-08-29 19:57:07');
INSERT INTO `orders` VALUES ('190829F7DDGZW280', '1908189H7TNWDTXP', 'jack', '13333333333', '北京 北京 东城区 123', 25000, 23000, 0, 2, '', NULL, 0, 0, '2019-08-29 19:59:26', '2019-08-29 19:59:26');
INSERT INTO `orders` VALUES ('190830BPTHGSZN54', '1908189H7TNWDTXP', 'jack', '13333333333', '北京 北京 东城区 123', 25000, 23000, 0, 2, '', NULL, 0, 0, '2019-08-30 16:27:21', '2019-08-30 16:27:21');
INSERT INTO `orders` VALUES ('190830BW77HM55KP', '1908189H7TNWDTXP', 'jack', '13333333333', '北京 北京 东城区 123', 25000, 23000, 0, 2, '', NULL, 0, 0, '2019-08-30 16:37:36', '2019-08-30 16:37:36');
INSERT INTO `orders` VALUES ('190830BZ5B5R7KWH', '1908189H7TNWDTXP', 'jack', '13333333333', '北京 北京 东城区 123', 25000, 23000, 0, 2, '', NULL, 0, 0, '2019-08-30 16:46:25', '2019-08-30 16:46:25');
